{"C1": [0.0, 0.0, 0.1641880657675965, 0.2491228070175439, 0.0], "C2": [0.0, 0.0, 0.1697764640679845, 0.2491228070175439, 1.0], "C3": [0.0, 1.0, 0.7039534454092, 0.2491228070175439, 0.5], "C4": [1.0, 0.0, 0.15231849251801222, 0.2491228070175439, 0.0], "C5": [1.0, 0.0, 0.17905967116201735, 0.29473684210526313, 0.5], "C6": [0.0, 0.0, 0.6894513208941437, 0.2473684210526316, 0.5], "C7": [0.0, 1.0, 0.3013116571217439, 0.2771929824561403, 1.0], "C8": [0.0, 0.0, 0.15328837982634397, 0.2491228070175439, 0.5], "C9": [1.0, 1.0, 0.133059301681138, 0.2491228070175439, 0.5], "C10": [0.0, 0.0, 0.6940698318861999, 0.2491228070175439, 0.0], "C11": [1.0, 0.0, 0.696794753371513, 0.2491228070175439, 0.0], "C12": [0.0, 1.0, 0.08179382966931464, 0.2491228070175439, 0.5], "C13": [1.0, 1.0, 0.7422870866432661, 0.2491228070175439, 0.5], "C14": [0.0, 0.0, 0.7009052281544429, 0.2771929824561403, 1.0], "C15": [1.0, 0.0, 0.0887677812673194, 0.424561403508772, 1.0], "C16": [0.0, 1.0, 0.41049325697395156, 0.2491228070175439, 0.0], "C17": [1.0, 0.0, 0.6574912248291152, 0.24210526315789468, 0.5]}