{"C2_1": [0.125, 0.25, 0.31442245520044343, 0.24890350877192988, 0.3125], "C2_2": [0.6666666666666666, 0.4444444444444444, 0.46707001662663955, 0.2791423001949318, 0.6111111111111112]}